{
  "general": {
    "screenOrientation": {
      "iphone": null,
      "ipad": null,
      "androidPhone": null,
      "androidTablet": null
    },
    "userAgentRegexes": [],
    "replaceStrings": [],
    "nativeBridgeUrls": [],
    "languages": [],
    "userAgentAdd": "median",
    "enableWindowOpen": true,
    "forceUserAgent": "",
    "publicKey": "zwwwyb",
    "deviceRegKey": "umpwp62547b5g0xd570yyqw3tg",
    "appName": "Помилка",
    "initialUrl": "https://uzvarua.github.io/",
    "version": 1
  },
  "navigation": {
    "tabNavigation": {
      "tabSelectionConfig": [],
      "tabMenus": []
    },
    "sidebarNavigation": {
      "menuSelectionConfig": {
        "redirectLocations": [
          {
            "regex": ".*",
            "menuName": "default",
            "loggedIn": true
          }
        ]
      },
      "menus": [
        {
          "active": false,
          "items": [],
          "name": "default"
        }
      ]
    },
    "regexInternalExternal": {
      "rules": [
        {
          "internal": false,
          "label": "Non-web links",
          "regex": "^(?!https?://).*"
        },
        {
          "internal": false,
          "label": "Facebook",
          "regex": "https?://([-\\w]+\\.)*facebook\\.com.*"
        },
        {
          "internal": false,
          "label": "Twitter",
          "regex": "https?://([-\\w]+\\.)*twitter\\.com/.*"
        },
        {
          "internal": false,
          "label": "Instagram",
          "regex": "https?://([-\\w]+\\.)*instagram\\.com/.*"
        },
        {
          "internal": false,
          "label": "Google Maps",
          "regex": "https?://maps\\.google\\.com.*"
        },
        {
          "internal": false,
          "label": "Google Maps Search",
          "regex": "https?://([-\\w]+\\.)*google\\.com/maps/search/.*"
        },
        {
          "internal": false,
          "label": "LinkedIn",
          "regex": "https?://([-\\w]+\\.)*linkedin\\.com/.*"
        },
        {
          "internal": true,
          "label": "All Other Links",
          "regex": ".*"
        }
      ]
    },
    "androidPullToRefresh": false,
    "iosPullToRefresh": true,
    "navigationTitles": {
      "titles": []
    },
    "ignorePageFinishedRegexes": [],
    "actionConfig": {
      "actions": [],
      "actionSelection": []
    },
    "androidShowRefreshButton": false,
    "iosShowRefreshButton": false,
    "deepLinkDomains": {
      "domains": [],
      "enableAndroidApplinks": false
    },
    "navigationLevels": {
      "levels": [
        {}
      ]
    },
    "toolbarNavigation": {
      "enabled": false,
      "visibilityByPages": "allPages",
      "visibilityByBackButton": "backButtonActive",
      "regexes": [
        {
          "enabled": true,
          "regex": ".*"
        }
      ],
      "items": [
        {
          "system": "back",
          "titleType": "defaultText",
          "visibility": "allPages",
          "urlRegex": [
            {
              "enabled": true,
              "regex": ".*"
            }
          ]
        },
        {
          "system": "refresh",
          "enabled": false,
          "visibility": "allPages",
          "urlRegex": [
            {
              "enabled": true,
              "regex": ".*"
            }
          ]
        },
        {
          "system": "forward",
          "enabled": false,
          "titleType": "defaultText",
          "visibility": "allPages",
          "urlRegex": [
            {
              "enabled": true,
              "regex": ".*"
            }
          ]
        }
      ]
    },
    "redirects": [],
    "iosShowOfflinePage": true,
    "iosConnectionOfflineTime": 10,
    "androidShowOfflinePage": true,
    "androidConnectionOfflineTime": 10
  },
  "styling": {
    "iosLaunchScreen": {
      "backgroundColor": "#FFFFFF",
      "backgroundColorDark": "#0E0D08",
      "backgroundImage": "assets/defaults/ios_launch_screen_background_default_light_1_2x2.png",
      "backgroundImageDark": "assets/defaults/ios_launch_screen_background_default_dark_1_2x2.png"
    },
    "transitionInteractiveDelayMax": 0.2,
    "menuAnimationDuration": 0.15,
    "androidShowSplash": true,
    "disableAnimations": false,
    "hideWebviewAlpha": 0.5,
    "iosDarkMode": "auto",
    "iosTitleColor": "#0E0D08",
    "iosTitleColorDark": "#ffffff",
    "iosTintColor": "#0E0D08",
    "iosTintColorDark": "#ffffff",
    "iosSidebarTextColor": "#0E0D08",
    "iosSidebarTextColorDark": "#ffffff",
    "iosStatusBarBackgroundColor": "#ffffffff",
    "iosStatusBarBackgroundColorDark": "#000000",
    "iosEnableBlurInStatusBar": false,
    "iosSidebarBackgroundColor": "#f8f8f8",
    "iosSidebarBackgroundColorDark": "#202020",
    "iosNavigationBarTintColor": "#f8f8f8",
    "iosNavigationBarTintColorDark": "#202020",
    "iosTabBarTintColor": "#f8f8f8",
    "iosTabBarTintColorDark": "#000000",
    "icon": "assets/defaults/app-icon-placeholder.png",
    "iosHeaderImage": "assets/defaults/app-icon-placeholder.png",
    "showActionBar": false,
    "showNavigationBar": false,
    "iosSidebarFont": "Default",
    "androidHideTitleInActionBar": false,
    "navigationTitleImage": false,
    "iosTheme": "default",
    "androidTheme": "auto",
    "androidBackgroundColor": "#FFFFFF",
    "androidSidebarBackgroundColor": "#FFFFFF",
    "androidSidebarForegroundColor": "#1A100B",
    "androidActionBarBackgroundColor": "#FFFFFF",
    "androidActionBarForegroundColor": "#1A100B",
    "androidPullToRefreshColor": "#1A100B",
    "androidAccentColor": "#009688",
    "androidSidebarSeparatorColor": "#CCCCCC",
    "androidSidebarHighlightColor": "#1A100B",
    "androidTabBarBackgroundColor": "#FFFFFF",
    "androidTabBarTextColor": "#949494",
    "androidTabBarIndicatorColor": "#1A100B",
    "androidTabPressedBackgroundColor": "#CCCCCC",
    "androidStatusBarBackgroundColor": "#5C5C5C",
    "androidShowLogoInSideBar": true,
    "androidShowAppNameInSideBar": true,
    "androidSwipeNavigationBackgroundColor": "#FFFFFF",
    "androidSwipeNavigationActiveColor": "#000000",
    "androidSwipeNavigationInactiveColor": "#666666",
    "androidActionBarBackgroundColorDark": "#333333",
    "androidStatusBarBackgroundColorDark": "#333333",
    "androidActionBarForegroundColorDark": "#FFFFFF",
    "androidAccentColorDark": "#80cbc4",
    "androidBackgroundColorDark": "#333333",
    "androidSidebarForegroundColorDark": "#FFFFFF",
    "androidSidebarBackgroundColorDark": "#333333",
    "androidSidebarSeparatorColorDark": "#666666",
    "androidSidebarHighlightColorDark": "#FFFFFF",
    "androidPullToRefreshColorDark": "#FFFFFF",
    "androidTabBarTextColorDark": "#FFFFFF",
    "androidTabBarBackgroundColorDark": "#333333",
    "androidTabBarIndicatorColorDark": "#666666",
    "androidTabPressedBackgroundColorDark": "#999999",
    "androidSwipeNavigationBackgroundColorDark": "#333333",
    "androidSwipeNavigationActiveColorDark": "#FFFFFF",
    "androidSwipeNavigationInactiveColorDark": "#666666",
    "androidSplashBackgroundColor": "#FFFFFF",
    "androidSplashBackgroundColorDark": "#1A100B",
    "androidWebviewTextZoom": null
  },
  "permissions": {
    "usesGeolocation": false,
    "androidDownloadToPublicStorage": false,
    "enableWebRTCamera": false,
    "enableWebRTCMicrophone": false
  },
  "developmentTools": {
    "enableWebConsoleLogs": false
  },
  "services": {
    "oneSignal": {
      "active": false
    }
  }
}